query;doc_id;judul;snippet;Relevant
salah;1156;[SALAH] Jogja Jebol Besar!! Gempa Luar Biasa Sapu Bersih Gunung Kidul, Gempa Yogyakarta;Hasil periksa fakta Syifa Ainun. Klaim yang menyatakan bahwa Jogja jebol akibat gempa luar biasa yang menyebabkan Gunungkidul tersapu bersih adalah salah. Salah satu sumber video yang digunakan sebaga;1
salah;1674;[SALAH] Foto Bapaknya Jokowi Seorang Tentara Komunis;Hasil periksa fakta Amanda Rahma Foto yang digunakan dalam unggahan tersebut bukanlah bapak dari Presiden Indonesia melainkan Jenderal Wang Zhen yang menjadi salah satu tetua Partai Komunis Tiongkok. ;1
salah;1807;[SALAH] Jokowi Sebut PKI Tidak Bersalah;Hasil Periksa Fakta Luthfiyah Video yang memuat tangkapan layar artikel dengan judul ‚ÄúJokowi: Sejarah Aslinya, PKI itu Tidak Bersalah Apalagi Mengancam, Yang Berbahaya Itu Islam Radikal‚Äù merupakan hoa;1
salah;1424;[SALAH] Video Salah Satu Tentara Palestina yang Membunuh Tiga Tentara Israel karena Berhasil Menyamar;Hasil periksa fakta Evarizma Zahra. Konteks yang salah. Video tersebut diambil saat baku tembak antara tentara Ukraina dan tentara bayaran asing di Ukraina, tidak ada hubungannya dengan konflik Israel;1
salah;1040;[SALAH] Video Kebakaran di Israel Akibat Rudal dari Hizbullah;Hasil periksa fakta Evarizma Zahra. Konteks yang salah. Video itu adalah kebakaran gudang di Novo Progresso, Brazil, pada 11 Agustus lalu, bukan Israel yang terbakar akibat rudal dari Hizbullah Septem;1
salah;1169;[SALAH] Prabowo Akan Penjarakan Anggota DPR yang Tolak RUU Perampasan Aset;Hasil periksa fakta Moch. Marcellodiansyah Postingan tersebut merupakan tangkapan layar dari judul artikel periksa fakta Mafindo di turnbackhoax.id, hanya saja telah dimanipulasi dengan menghilangkan ;1
salah;2448;[SALAH] Rekaman Detik ‚Äì Detik Jatuhnya Helikopter Ebrahim Raisi; Periksa Fakta Vania.Faktanya, video tersebut merupakan rekaman video dari salah satu penyintas jatuhnya helikopter di hutan Panama pada 10 Agustus 2022, bukan video rekaman jatuhnya helikopter Ebrahi;1
salah;1687;[SALAH] Foto Murid SD yang Mengalami Gizi Buruk di Salah Satu SD Indonesia;Hasil periksa fakta Evarizma Zahra. Konteks yang salah. Foto tersebut merupakan kegiatan belajar mengajar di SD salah satu desa di Kamboja, bukan Indonesia. ===== KATEGORI: KONTEKS YANG SALAH ===== Su;1
salah;1052;[SALAH] Video ‚ÄúMisa Umat Katolik Bersama Bapak Paus Fransiskus di GBK‚Äù;Hasil periksa fakta Moch. Marcellodiansyah Faktanya video tersebut merupakan momen saat perayaan Natal Tiberias 2023 di GBK yang diadakan oleh Gereja Tiberias Indonesia (GTI). GTI sendiri merupakan sa;1
salah;2336;[SALAH] Cara Memeriksa Ponsel yang Disadap dengan Nomor *#21#;Hasil periksa fakta Evarizma Zahra. Konten yang menyesatkan. *#21# adalah fitur untuk meneruskan panggilan, tidak ada hubungannya dengan ponsel yang diretas. ===== KATEGORI: KONTEN YANG MENYESATKAN ==;1
salah;1317;[SALAH] Video Anak-Anak Gaza Tidur di Luar;Hasil periksa fakta Evarizma Zahra. Konteks yang salah. Video yang menunjukkan anak-anak tidur di luar tersebut terjadi dan diambil di Turkiye, bukan di Gaza. ===== KATEGORI: KONTEKS YANG SALAH ===== ;1
salah;2598;[SALAH] Video Gunung Merapi yang Meletus;Hasil periksa fakta Evarizma Zahra. Konteks yang salah. Video tersebut diambil saat gunung Sinabung meletus tahun 2018, bukan letusan gunung Merapi pada 2023. ===== KATEGORI: KONTEKS YANG SALAH ===== ;1
salah;1062;[SALAH] SINGA MENGGALI KUBURAN SENDIRI; Hasil pemeriksa fakta Yudho Ardi Informasi yang menyesatkan, faktanya informasi tersebut merupakan Hoax Lama Bersemi Kembali (HLBK). Nyatanya, Singa tersebut menggali lubang persembunyian babi hutan ;1
salah;1324;[SALAH] Video ‚ÄúGelombang Panas di Tiongkok Membuat Sebagian Cat Beberapa Mobil Membengkak‚Äù;Hasil periksa fakta Moch. Marcellodiansyah Faktanya cat dari mobil yang terlihat membengkak atau melembung tersebut sedang diisi oleh udara dari kompresor sebagai salah satu cara untuk melepas PPF ata;1
salah;1838;[SALAH] Video Ular Anaconda di Kalimantan Tengah;Hasil periksa fakta Evarizma Zahra. Konteks yang salah. Video tersebut adalah ular anaconda di Jalan¬† Santo Ant√¥nio do Leverger-MT, Brazil, bukan Kalimantan Tengah. ===== KATEGORI: KONTEKS YANG SALAH ;1
salah;2993;[SALAH] MK Bacakan Putusan Mendiskualifikasi Prabowo-Gibran;Hasil periksa fakta Panji Faktanya video tersebut telah dimanipulasi dengan mengubah suara Ketua MK, Suhartoyo, dengan suara Bambang Widjojanto, salah seorang anggota tim kuasa hukum paslon 01 yang se;1
salah;442;[SALAH] Foto ‚ÄúKorban Virus Machupo Akibat Konsumsi Paracetamol P-500‚Äù;Akun Facebook ‚ÄúKaka Asdar‚Äù pada Selasa (17/12/2024) mengunggahfoto[arsip] yang memperlihatkan potret bangsal berisi pasien yang diduga merupakan korban virus dari Paracetamol P-500. Ada juga gambaran ;1
salah;972;[SALAH] Video Ikan Mati di Pantai Klara Kabupaten Pesawaran September 2024;Hasil periksa fakta Rahmah. Waktu kejadian salah. Video tersebut benar terjadi namun bukan di tahun 2024 melainkan tahun 2023 dan tidak berkaitan dengan isu bencana. KATEGORI: KONTEKS YANG SALAH SUMBE;1
salah;2643;[SALAH] Ustadz Felix Siauw Bekerja Sama dengan Mo Salah Membagikan Rezeki Melalui Situs Slot;Hasil periksa fakta Vendra Panji Faktanya video di Facebook yang menyebutkan Felix Siauw mendapat ajakan bekerja sama dengan Mo Salah untuk berbagi rejeki melalui situs judi online adalah video yang t;1
salah;213;[SALAH] Penampakan Arca Monster OCCRP yang Menelan Anggaran APBD Medan;Pada Jumat, 7/2/2025 beredarpost/cuitandi X/Twitter (arsip cadangan) yang memanfaatkan/menunggangi rilis OCCRP baru-baru ini tentang finalis tokoh-tokoh terkorup yang salah satunya adalah Jokowi denga;1
video;1541;[PENIPUAN] Bantuan Uang dari Presiden Jokowi Bagi yang Sudah Follow Tiktok;Hasil periksa fakta Panji Faktanya video tersebut adalah video ketika Jokowi memberikan pernyataan untuk melarang rakyat Indonesia berjudi baik secara online atau offline. Tidak ada pernyataan dari Jo;1
video;1286;[SALAH] Video Gempa Canada 19 Agustus 2024;Hasil periksa fakta Rahmah. Informasi keliru. Faktanya video tersebut gabungan beberapa video dari berbagai negara dan Menara CN di Kanada yang roboh adalah hasil suntingan oleh akun Tiktok Neyma Begl;1
video;1162;[SALAH] Video Christiano Ronaldo Memberikan Kode kepada Marteen Paes Saat Pinalti;Hasil periksa fakta Evarizma Zahra. Konten yang menyesatkan. Video itu merupakan gabungan dari dua video yang berbeda yang digabungkan menjadi satu. ===== KATEGORI: KONTEN YANG MENYESATKAN ===== Sumbe;1
video;1049;[SALAH] Penemuan Ikan Kecil Berkepala Mirip Sapi;Hasil periksa fakta Panji Berdasarkan dua situs pendeteksi AI menyebutkan hasil jika video yang menampilkan ikan berkepala sapi tersebut adalah video yang dibuat dengan manipulasi AI. =========== [KAT;1
video;164;[SALAH] Video Guru di Grobogan Lakukan Pelecehan Seksual Terhadap Murid;Akun X ‚ÄúMdy_Asmara1701‚Äù mengunggahvideo[arsip] pada Selasa (11/2/2025) dengan klaim seorang guru di Grobogan, Jawa Tengah melakukan tindakan pelecehan seksual terhadap muridnya. Berikut cuitannya: ‚ÄúGu;1
video;2341;[SALAH] Momen Penangkapan Linda Teman Vina Pembunuhan Cirebon;Hasil periksa fakta Dyah Febriyani Video tersebut bukan penangkapan Linda dalam kasus pembunuhan Vina Cirebon. Faktanya, dua cuplikan video itu merupakan penangkapan kasus narkoba dan pencurian Emas. ;1
video;1830;[SALAH] VIDEO CRISTIANO RONALDO MENERTAWAKAN VIDEO TENTARA PALESTINA;Hasil Periksa Fakta Gabriela Nauli Faktanya, video semacam itu dapat dengan mudah disandingkan dengan video yang berbeda-beda. Tidak ditemukan sumber asli video tersebut. Namun video reaksi CR7 terseb;1
video;1325;[SALAH] Video ‚ÄúTsunami Jepang 9 Agustus 2024‚Äù;Hasil periksa fakta Moch. Marcellodiansyah Faktanya video tersebut merupakan video dari tsunami Jepang yang terjadi pada 11 Maret 2011. = = = Kategori: Konten yang Menyesatkan = = = Sumber: Snack Vide;1
video;2222;[SALAH] Presiden FIFA Coret Guinea dari Olimpiade 2024;Hasil periksa fakta Vendra Panji Faktanya Presiden FIFA, Gianni Infantino, tidak sama sekali mengeluarkan pernyataan jika FIFA mencoret Guinea dari Olimpiade 2024. Video yang ditampilkan berasal dari ;1
video;2613;[SALAH] Video Warga yang Menggendong Anaknya Jatuh ke Sungai karena Jembatan Rusak di Indonesia;Hasil periksa fakta Moch. Marcellodiansyah Beberapa media asing menyebut bahwa video tersebut berada di Provinsi Chiriqu√≠, Panama. Sebuah akun Facebook asal Kolombia sejak Juni 2022 telah memposting v;1
video;953;[SALAH] Ikan Hias Berkepala Kambing;Hasil periksa fakta Panji Berdasarkan dua situs pendeteksi AI menyebutkan hasil jika video yang menampilkan ikan berkepala sapi tersebut adalah video yang dibuat dengan manipulasi AI. =========== [KAT;1
video;1081;[SALAH] ‚ÄúVideo Viral di China, Terekam Harimau dengan Posisi Duduk Layaknya Manusia‚Äù;Hasil periksa fakta Moch. Marcellodiansyah Faktanya video tersebut dibuat dengan KLING AI, platform membuat gambar dan video dengan AI. Bukan rekaman yang diambil oleh manusia. = = = Kategori: Konten ;1
video;191;[SALAH] Video Sandra Dewi Menangis Mendengar Putusan Suaminya;Pada Kamis, 13/2/2025 beredarpost/cuitandi X/Twitter (arsip cadangan) yang membagikan video dengan narasi: ‚ÄúSandra¬† dewi menangis Mendengar putusan suaminya¬† dalam perkara korupsi tata niaga komoditas;1
video;2755;[SALAH] Komeng Promosikan Situs Judi Online;Hasil periksa fakta Agnes A Video yang diunggah adalah hasil suntingan menggunakan teknologi AI. Video aslinya menunjukkan Komeng yang mempromosikan salah satu fitur layanan dari e-commerce Shopee. ==;1
video;1868;[SALAH] Video Anjing Laut Berkepala Sapi; Periksa Fakta Vania.Faktanya, video dalam unggahan tersebut merupakan hasil buatan AI atau Artificial Intelligence. ===== KATEGORI: Konten Palsu ===== Sumber: Twitterhttps://ghostarchive.org/archive/;1
video;1615;[SALAH] Penampilan Cheerleader Korea Utara di Olimpiade Paris 2024;Hasil periksa fakta Panji Faktanya video yang beredar tersebut diambil pada saat cheerleader Korea Utara tampil di Winter Olympics 2018 yang diadakan di Korea Selatan, video tersebut tidak terjadi di ;1
video;2255;[PENIPUAN] Pengusaha Raymond Chin Mempromosikan sebuah Situs Judi Online;Hasil periksa fakta Vendra Panji Faktanya video tersebut telah dimanipulasi dengan bantuan AI untuk merubah suara mereka. Di video aslinya Raymond Chin membahas mengenai anggapan jika investasi adalah;1
video;847;[PENIPUAN] Video Jhon Lbf Promosi Situs Judi Online;Akun Facebook ‚ÄúRevi5‚Äù pada Sabtu (28/9/2024) membagikanvideo[arsip] dengan narasi: ‚Äúbang jhon lbf lagi bagi bagi mekswin ke semua orang segera daftar‚Äù Unggahan video ini sudah disukai lebih dari 4.400;1
video;1106;[SALAH] Ikan Berkepala Mirip Babi;Hasil periksa fakta Vendra Panji Berdasarkan dua situs pendeteksi AI menyebutkan hasil jika video yang menampilkan ikan berkepala babi tersebut adalah video yang dibuat dengan manipulasi AI. =========;1
video;2643;[SALAH] Ustadz Felix Siauw Bekerja Sama dengan Mo Salah Membagikan Rezeki Melalui Situs Slot;Hasil periksa fakta Vendra Panji Faktanya video di Facebook yang menyebutkan Felix Siauw mendapat ajakan bekerja sama dengan Mo Salah untuk berbagi rejeki melalui situs judi online adalah video yang t;1
foto;2690;[SALAH] ‚ÄúISRAEL MENGHADANG TNI DI PERBATASAN‚Äù;MENYESATKAN, menunggangi situasi konflik Israel saat ini (2024). FAKTA: video yang dibagikan berisi potongan-potongan foto dan video yang konteksnya TIDAK berkaitan dengan klaim, salah satu potongan f;1
foto;1028;[SALAH] Hasil Foto Alasan Kenapa Burung Elang Difoto dari Samping;Hasil periksa fakta Moch. Marcellodiansyah Pemeriksa Fakta Mafindo sebelumnya telah membantah klaim tersebut. Peneliti Pusat Riset Biosistematika dan Evolusi BRIN menyebut bahwa foto tersebut dapat di;1
foto;1800;[SALAH] Foto Bocor dari 1860 yang Menunjukkan Beberapa Orang Berleher Panjang;Hasil periksa fakta Moch. Marcellodiansyah Setelah dilakukan pendeteksian AI, faktanya foto tersebut memiliki probabilitas adalah buatan AI sebesar 98,3%. = = = Kategori: Konten Palsu = = = Sumber: Fa;1
foto;2195;[SALAH] Kecam Kekejaman Zionis Israel, Ronaldo Bentangkan Bendera Palestina;Hasil periksa fakta Moch. Marcellodiansyah Faktanya foto asli menunjukkan Ronaldo membentangkan bendera Portugal, bukan bendera Palestina. Foto yang dijadikan bukti dalam postingan tersebut telah dima;1
foto;921;[SALAH] Perbandingan Foto Antrean Beras Tahun 1965 dan 2024, ‚ÄúBedanya Sekarang Ada Jalan Tol Guys‚Äù;Hasil periksa fakta Moch. Marcellodiansyah Foto yang diklaim antrean beras pada tahun 1965 tersebut faktanya diambil pada 1947 saat warga lokal mengantre untuk pembagian pakaian yang diberikan oleh Pa;1
foto;2459;[SALAH] Foto-foto Puing Jatuhnya Helikopter yang Ditumpangi Presiden Iran;Hasil periksa fakta Moch. Marcellodiansyah Faktanya foto-foto tersebut merupakan jatuhnya pesawat latih milik Iran yang mengalami kecelakaan pada April 2020, bukan puing jatuhnya helikopter yang ditum;1
foto;1318;[SALAH] The Economist Memanipulasi Foto Sehingga Bendera Palestina Hilang dari Sampulnya;Hasil periksa fakta Evarizma Zahra. Konten yang menyesatkan. Foto yang digunakan The Economist untuk sampulnya tersebut diambil di kesempatan yang berbeda dengan foto yang diklaim sebagai foto asli. =;1
foto;1456;[SALAH] Foto Mall Pertama di IKN;Hasil Periksa Fakta Luthfiyah Foto yang diklaim merupakan Mall pertama di IKN merupakan hal yang tidak benar. Faktanya, foto yang menampilkan bagian dalam bangunan tersebut merupakan stasiun bawah tan;1
foto;2096;[PENIPUAN] Maia Estianty Menjadi Brand Ambassador Produk AC Mini Jepang;Hasil periksa fakta Vendra Panji Faktanya foto yang beredar di Facebook tersebut adalah hasil manipulasi, Maia dan suami bukan merupakanbrand ambassadorsuatu produk AC mini apapun. Foto tersebut digun;1
foto;1875;[SALAH] Foto Enam Wanita Muslim Berpose Bintang Daud Sebagai Dukungan Untuk Israel;Hasil periksa fakta Evarizma Zahra. Konten yang dimanipulasi. Foto tersebut merupakan hasil suntingan, bukan foto asli. ===== KATEGORI: KONTEN YANG DIMANIPULASI ===== Sumber: Twitterhttps://archive.ph;1
foto;1493;[SALAH] FOTO WISUDA INI NAMANYA HARI MULYONO;Hasil Periksa Fakta Gabriela Nauli Faktanya, foto pria di dalam unggahan tersebut merupakan foto lawas dari Presiden RI, Joko Widodo. Selengkapnya ada di penjelasan. =====[KATEGORI]: MISLEADING CONTEN;1
foto;1763;[SALAH] Jokowi Makan Sate Babi;Hasil periksa fakta Amanda Rahma Unggahan tersebut tidaklah benar. Foto yang diklaim ditemukan di artikel Viva. Artikel tersebut menjelaskan tentang fakta dari foto Jokowi yang sedang makan dan didepa;1
foto;1892;[SALAH] Foto Penemuan Bangkai Pesawat Malaysia Airlines MH370;Hasil periksa fakta Vendra Panji Berdasarkan temuan, foto-foto yang ditampilkan tersebut tidak ada kaitannya dengan pesawat Malaysia Airline, sebagian dari foto yang ditampilkan juga hanya merupakan r;1
foto;1891;[SALAH] Foto Sebuah Rumah yang Dibangun Miring;Hasil periksa fakta Vendra Panji Faktanya rumah tersebut dibangun di jalan yang curam, sehingga jika difoto dengan sudut pandang tertentu maka akan menghasilkan foto yang membuat seolah-olah bangunan ;1
foto;2923;[SALAH] FOTO BENYAMIN NETANYAHU TERBARING DI ATAS TEMPAT TIDUR DAN MEMAKAI ALAT PERNAPASAN;Hasil Periksa Fakta Gabriela Nauli Faktanya, foto tersebut merupakan hasil editan menggunakan teknologi AI. Selengkapnya ada di penjelasan. =====[KATEGORI]: FABRICATED CONTENT/Konten Palsu =====[SUMBE;1
foto;1772;[PENIPUAN] Maia Estianty dan Irwan Mussry Jadi Perwakilan Brand Smartwatch Jepang;Hasil periksa fakta Vendra Panji Faktanya foto yang beredar di Facebook tersebut adalah hasil manipulasi, Maia dan suami bukan merupakanbrand ambassadorsuatu produk jam tangan pintar apapun. Foto ters;1
foto;2798;[SALAH] Foto Prabowo Subianto dan Titiek Soeharto Naik Kereta Cepat;Hasil Periksa Fakta Dyah Febriyani Foto tersebut hasil editan. Foto aslinya Prabowo duduk berhadapan dengan Presiden Jokowi di dalam Kereta Api Cepat Indonesia dari Stasiun Halim, Jakarta Timur, menuj;1
foto;2159;[SALAH] Foto Para Pekerja Mesir Membangun Piramida Tahun 2549 SM;Hasil periksa fakta Raymondha Foto dengan klaim para pekerja piramida di Mesir selama masa pembangunan pada tahun 2549 SM adalah salah. Faktanya foto tersebut teridentifikasi bukanlah foto asli. Namun;1
foto;2030;[SALAH] Foto ‚ÄúPemain Kriket Membentuk Lafadz Allah SWT‚Äù;Foto tersebut merupakan hasil buatan Artificial Intelligence (AI). Selengkapnya di bagian PENJELASAN dan REFERENSI.===========================================Kategori: Parodi==========================;1
foto;1012;[SALAH] Foto ‚ÄúNelayan Papua Menangkap Hewan yang Belum Pernah Terlihat Sebelumnya‚Äù;Hasil periksa fakta Moch. Marcellodiansyah Faktanya foto-foto tersebut merupakan gambar hasil AI-generated dengan besaran persentasi probabilitas hingga 98,9%. = = = Kategori: Konten Palsu = = = Sumbe;1
penipuan;2056;[PENIPUAN] Taylor Swift Meminta Bantuan Dana;Hasil periksa fakta Agnes A Upaya penipuan dengan mencatut nama penyanyi Taylor Swift. ===== [KATEGORI]: Konten Tiruan ===== [SUMBER]: WhatsApp ===== [NARASI]: ‚ÄúHalo saya Taylor Swift. Bisa berbahasa ;1
penipuan;2057;[PENIPUAN] Lowongan Freelance Like dan Subscribe Youtube;Hasil periksa fakta Agnes A Modus penipuan. Korban akan diarahkan untuk mengirimkan sejumlah uang dan diiming-imingi keuntungan berlipat. ===== [KATEGORI]: Konten Palsu ===== [SUMBER]: WhatsApp ===== ;1
penipuan;1160;[PENIPUAN] Unggahan RANS Entertainment Berbagi Rezeki Menjelang Hari Batik Nasional 2 Oktober;Hasil periksa fakta Syifa Ainun. Unggahan pada akun Facebook Raya Rafa yang memberikan klaim RANS Entertainment akan berbagi rezeki menjelang hari batik adalah tidak benar dan terindikasi penipuan. Ha;1
penipuan;1934;[PENIPUAN] Akun Tiktok @baimwong.0ficiall Berisi Banyak Konten Giveaway;Hasil periksa fakta Vendra Panji Tidak benar bahwa akun tersebut adalah akun resmi milik Baim Wong, akun hanya berisi mengenai konten giveaway uang dan disertai sebuah link Whatsapp yang dicurigai seb;1
penipuan;1042;[PENIPUAN] Lowongan Kerja di KP2KP Makale;Hasil periksa fakta Rahmah. Faktanya melalui akun Facebook Pajak Kendari menegaskan lowongan tersebut tidak benar dan meminta masyarakat berhati-hati terhadap penipuan mengatasnamakan unit kerja di wi;1
penipuan;1175;[PENIPUAN] Video Bantuan 10 Juta dari Jokowi dengan Syarat Bagikan Video Sebanyak-banyaknya;Hasil periksa fakta Moch. Marcellodiansyah Setelah diidentifikasi dengan pendeteksi AI dari Hive Moderation, video tersebut terdeteksi sebesar 94,8% berisi konten buatan AI atau deepfake. Dapat dipast;1
penipuan;411;[PENIPUAN] Ada Komisi ‚ÄúMenonton Video‚Äù dari Platform YouKu;Tim Pemeriksa Fakta Mafindo (TurnBackHoax) pada September 2024 menemukan sebaran info dari WhatsApp (WA) [arsip] berisi narasi: ‚ÄúHALO REKAN-REKAN DAN SAUDARA SEKALIAN YANG SUDAH DI INVITE KE DALAM GRO;1
penipuan;2844;[SALAH] Akun WhatsApp Kakanwil Kemenag Sulsel Tawarkan Bantuan;Hasil periksa fakta Rahmah. Polres Kubu Raya menyampaikan pesan WhatsApp tersebut merupakan modus penipuan. KATEGORI:IMPOSTER CONTENT/KONTEN TIRUAN SUMBER:WhatsApp NARASI:‚Äú0821 4572 0858MUH.TONANG, S.;1
penipuan;1437;[PENIPUAN] Lowongan Kerja Petugas Kebersihan Puskesmas Sidoarjo;Hasil periksa fakta Rahmah. Puskesmas Sidoarjo membantah lowongan yang beredar dan menegaskan postingan tersebut merupakan modus penipuan. KATEGORI: FABRICATED CONTENT SUMBER: Facebookhttps://archive.;1
penipuan;44;[PENIPUAN] Tautan dan Nomor WA ‚ÄúPengaduan Penipuan Online‚Äù;Pada Kamis (13/3/2025) akun Facebook ‚ÄúPengaduan penipuan online‚Äù membagikantautan[arsip] : ‚ÄúSaudara pernah mengalami kejadian ditipu lewat online silahkan di laporkan agar dana nya bisa kembali baik d;1
penipuan;1068;[PENIPUAN] Akun Tiktok @hondajot572 Berisi Banyak Konten Giveaway; Periksa Fakta VaniaFaktanya, akun tersebut bukanlah akun resmi milik PT. Astra Honda Motor. Akun tersebut dapat diindikasi sebagai akun penipuan. =========== [KATEGORI]: Konten tiruan =========== [SU;1
penipuan;1583;[PENIPUAN] Bantuan Sosial Tunai Rp35Juta Bagi Sekeluarga dari BPJS;Hasil periksa fakta Moch. Marcellodiansyah Narasi yang diberikan dalam postingan tersebut serupa dengan artikel laporan yang sudah dibantah kebenarannya oleh Pemeriksa Fakta Mafindo di turnbackhoax.id;1
penipuan;1585;[PENIPUAN] Postingan Testimoni Hadiah Uang Tunai 30 Juta dari Baim Wong;Hasil periksa fakta Moch. Marcellodiansyah Baim Wong sudah beberapa kali namanya dicatut untuk modus penipuan, tidak ada pemberitahuan resmi dari Baim Wong melalui kanal media sosialnya terkait pember;1
penipuan;2866;[SALAH] Akun Tiktok Prabowo Akan Giveaway 1 Unit Motor Jika Tembus 200 Ribu Follower;Hasil periksa fakta Panji Tidak benar bahwa Prabowo Subianto motor jika akun Tiktoknya menyentuh angka 200 ribu pengikut, akun yang mengatasnamakan Prabowo tersebut dapat diindikasi sebagai akun penip;1
penipuan;1076;[PENIPUAN] Akun Tiktok @giveaway.baim.wonq Berisi Konten Giveaway; Periksa Fakta VaniaFaktanya, akun tersebut bukanlah akun resmi milik Baim Wong. Akun tersebut hanya berisi beberapa konten mengenai giveaway berupa uang dengan jumlah puluhan juta rupiah dan¬† diserta;1
penipuan;2231;[PENIPUAN] Gebyar Undian Berhadiah untuk Nasabah Maybank;Hasil periksa fakta Raymondha Informasi tentang adanya gebyar undian berhadiah untuk nasabah Maybank disertai link tautan adalah tidak benar. Faktanya, tautan dari unggahan tersebut meminta data priba;1
penipuan;1083;[PENIPUAN] Bantuan Sosial Senilai Rp27.300.000 dari BPJS yang Diklaim dengan Mengirim Kode;Hasil periksa fakta Moch. Marcellodiansyah Postingan tersebut merupakan konten tiruan yang digunakan untuk menipu. Calon korban penipuan diarahkan untuk menghubungi terlebih dahulu dengan modus mengkl;1
penipuan;2639;[SALAH] Akun WhatsApp Sekda Kalimantan Tengah Nuryakin;Hasil periksa fakta Rahmah. Nuryakin memberikan klarifikasi akun WhatsApp tersebut merupakan modus penipuan. KATEGORI: IMPOSTER CONTENT/ KONTEN TIRUAN ===SUMBER: WhatsApp ===NARASI:‚ÄúA: Selamat siangB:;1
penipuan;2257;[PENIPUAN] ùêèùê´ùê®ùê†ùê´ùêöùê¶ Happy Anniversary 58 Th ùêÅùêèùêÉ BANK PAPUA;Hasil periksa fakta Panji Akun Facebook resmi dari Bank Papua (facebook.com/bankpapua1966). Di akun resminya ini, Bank Papua pernah membuat unggahan yang berisi daftar akun resmi media sosial Bank Pap;1
penipuan;2139;[PENIPUAN] APK Voice Note di WhatsApp;Hasil periksa fakta Agnes A Upaya penipuan. File yang dikirimkan merupakan ekstensi file APK yang dapat berisi malware dan upaya peretasan perangkat. ===== [KATEGORI]: Konten Tiruan ===== [SUMBER]: Wh;1
jokowi;1541;[PENIPUAN] Bantuan Uang dari Presiden Jokowi Bagi yang Sudah Follow Tiktok;Hasil periksa fakta Panji Faktanya video tersebut adalah video ketika Jokowi memberikan pernyataan untuk melarang rakyat Indonesia berjudi baik secara online atau offline. Tidak ada pernyataan dari Jo;1
jokowi;2054;[SALAH] Presiden Jokowi tegaskan bila kasus Vina tidak terpecahkan,, akan memecat polri cirebon!!;Hasil periksa fakta Dyah Febriyani Video pidato Jokowi pada unggahan TikTok tersebut bukan membahas mengenai kasus pembunuhan Vina Cirebon. Aslinya, video Jokowi tersebut membahas tentang pemerintah y;1
jokowi;1672;[PENIPUAN] Menjelang Hari Kemerdekaan Indonesia Presiden Jokowi Berikan 50 Juta untuk Follower Tiktoknya;Hasil periksa fakta Vendra Panji Faktanya video tersebut adalah video ketika Jokowi meresmikan Peluncuran Digitalisasi Layanan Perizinan Penyelenggaraan Event, di The Tribrata Kebayoran Baru Jakarta. ;1
jokowi;1674;[SALAH] Foto Bapaknya Jokowi Seorang Tentara Komunis;Hasil periksa fakta Amanda Rahma Foto yang digunakan dalam unggahan tersebut bukanlah bapak dari Presiden Indonesia melainkan Jenderal Wang Zhen yang menjadi salah satu tetua Partai Komunis Tiongkok. ;1
jokowi;2187;[PENIPUAN] Akun Tiktok @jokowi83516 Berisi Konten Giveaway;Hasil periksa fakta Vendra Panji Tidak benar bahwa akun Tiktok @jokowi83516 yang berisi banyak konten giveaway ini adalah milik pihak Presiden Jokowi, akun yang mengatasnamakan Jokowi tersebut dapat d;1
jokowi;1684;[SALAH] Presiden Jokowi Ternyata Berijazah Palsu;Periksa Fakta Lilik Faktanya, narasi yang menyatakan ijazah Jokowi palsu tidaklah benar. Ijazah Jokowi telah dinyatakan asli oleh pihak UGM. ===== KATEGORI: Konten yang menyesatkan ===== Sumber: X/Twi;1
jokowi;1816;[PENIPUAN] Jokowi Bagi Bagi Uang Untuk Pemegang Buku Rekening Bank BCA, BNI, BRI, dan Mandiri; Periksa Fakta Vania.Faktanya, Tidak benar bahwa Presiden Jokowi memberikan uang bagi pengguna bank BCA,BNI, BRI dan Mandiri. Akun yang mengatasnamakan Jokowi tersebut juga bukan merupakan akun resmi ;1
jokowi;2969;[SALAH] Jokowi Uji Coba Program Makan Siang Gratis;Hasil periksa fakta Amanda Rahma Video yang menampilkan Presiden Jokowi sedang menikmati jagung rebus dan mengklaim bahwa Jokowi melakukan uji coba program makan siang gratis tidaklah benar. Video ini;1
jokowi;2972;[SALAH] Gambar Jokowi pimpin Salat Id di Solo;Hasil Periksa Fakta Luthfiyah Gambar yang diklaim Jokowi menjadi pemimpin salat Id di Solo tidak benar. Faktanya, gambar tersebut diambil saat Jokowi menjadi imam salat di Afghanistan tahun 2018. Joko;1
jokowi;2207;[SALAH] MPR Gelar Sidang Istimewa Lengserkan Jokowi;Hasil periksa fakta Amanda Rahma Faktanya, tidak benar pernyataan yang menyebutkan bahwa MPR menggelar sidang istimewa untuk lengserkan Jokowi. Isi video berbeda dengan judul yang diangkat. Video ters;1
jokowi;1825;[SALAH] JOKOWI PALSUKAN IBUNYA;Hasil Periksa Fakta Gabriela Nauli Faktanya, unggahan yang beredar ini merupakan hoaks lama yang kembali beredar. Selengkapnya ada di penjelasan. =====[KATEGORI]: MISLEADING CONTENT/Konten Menyesatkan;1
jokowi;2723;[SALAH] Data Pribadi Jokowi Bocor, Ayahnya Narapidana Eks PKI;Hasil periksa fakta Amanda Rahma Faktanya, pernyataan yang mengklaim bahwa ayah Jokowi narapidana dan masih hidup tidaklah benar. Ayah Jokowi bernama Notomiharjo dan diketahui sudah meninggal pada tah;1
jokowi;1965;[SALAH] JOKOWI OBRAL IKN 190 TAHUN UNTUK ASING;Hasil periksa fakta Pekik Jalu Utomo.Faktanya dalam video tersebut tidak ditemukan informasi valid bahwa Presiden Jokowi obral IKN hingga 190 tahun untuk asing. Selain thumbnail merupakan hasil manipu;1
jokowi;1344;[SALAH] JOKOWI PRESIDEN DENGAN IJAZAH PALSU;Informasi tersebut tidak benar. Faktanya, ijazah Jokowi telah dinyatakan asli oleh pihak Universitas Gajah Mada (UGM). KATEGORI: MISLEADING CONTENT/ KONTEN YANG MENYESATKAN === SUMBER: TIKTOKhttps://w;1
jokowi;1217;[SALAH] Bukti Foto Jokowi Memalsukan Ibu Kandung;Hasil periksa fakta Panji Faktanya ibu kandung Jokowi adalah Sujiatmi, wanita berkerudung merah ada dalam unggahan Facebook tersebut. Tidak ada temuan informasi jika wanita tua berambut putih tersebut;1
jokowi;1479;[SALAH] Presiden Jokowi Memalsukan Ibu Kandungnya;Hasil periksa fakta Siti Lailatul Fitriyah Faktanya Presiden Jokowi merupakan anak kandung dari Widjiatno Notomihardjo dan¬† Sudjiatmi Notomihardjo. Tidak ada bukti Jokowi memalsukan identitas orang tu;1
jokowi;2891;[SALAH] Video Jokowi Mengancam Rakyat; Periksa Fakta Vania.Faktanya, cuplikan video tersebut dipotong dari 2 sumber yang berbeda, dalam video asli Jokowi menegaskan akan menindak tegas pejabat melanggar hukum dan mengambil langkah tegas u;1
jokowi;2380;[SALAH] ORANG TUA JOKOWI BERNAMA HERU PURNOMO DAN YET MEI HWA;Informasi tersebut tidak benar dan merupakan hoaks berulang. Ayah Jokowi diketahui bernama Widjiatno Notomihardjo dan Ibunya bernama Sudjiatmi Nomomihardjo. KATEGORI: MISLEADING CONTENT/ KONTEN YANG M;1
jokowi;464;[SALAH] Jokowi Digerebek Prabowo karena Berkomplot dengan Taipan;Beredarvideo[arsip] dari kanal YouTube ‚ÄúDESTINASI POLITIK‚Äù bernarasi: DI LUAR NALAR..! PRABOWO GREBEG JOKOWI BERKOMPLOT DG TAIPAN, TINDAS RAKYAT Klaim diperkuat dengan sampul foto (thumbnail) yang men;1
jokowi;2909;[SALAH] Kakak Besar Jokowi Sekjen Partai Komunis Tiongkok;Hasil periksa fakta Imroatul Klaim dalam unggahan video dengan maksud kakak Jokowi yang paling besar merupakan seorang sekjen dari partai komunis Tiongkok adalah informasi yang salah. = = = = = [KATEG;1
akun;2820;[SALAH] Baim Wong ‚ÄúMuhammad Ibrahim‚Äù Giveaway Mobil dengan Memenangkan Games Tebak Angka;Hasil periksa fakta Raymondha Elsha Faktanya Facebook asli milik Baim adalah ‚ÄúBaim Wong‚Äù dan di akun tersebut tidak ada unggahan mengenai giveaway seperti yang diunggah oleh akun palsu tersebut. =====;1
akun;1929;[PENIPUAN] AKUN INSTAGRAM WAKAPOLDA SUMBAR ‚Äúgupuh_setiyono91‚Äù;Akun tersebut PALSU. Polda Sumatera Barat menyatakan jika Wakapolda, Gupuh Setiyono hanya memiliki satu akun media sosial, yakni Instagram dengan nama @gupuhsetiyono. KATEGORI: IMPOSTER CONTENT/ KONTE;1
akun;2187;[PENIPUAN] Akun Tiktok @jokowi83516 Berisi Konten Giveaway;Hasil periksa fakta Vendra Panji Tidak benar bahwa akun Tiktok @jokowi83516 yang berisi banyak konten giveaway ini adalah milik pihak Presiden Jokowi, akun yang mengatasnamakan Jokowi tersebut dapat d;1
akun;1934;[PENIPUAN] Akun Tiktok @baimwong.0ficiall Berisi Banyak Konten Giveaway;Hasil periksa fakta Vendra Panji Tidak benar bahwa akun tersebut adalah akun resmi milik Baim Wong, akun hanya berisi mengenai konten giveaway uang dan disertai sebuah link Whatsapp yang dicurigai seb;1
akun;1422;[PENIPUAN] AKUN FACEBOOK GUBERNUR GORONTALO, RUDY SALAHUDDIN;Akun tersebut palsu, dan telah diklarifikasi oleh Dinas Kominfo dan Statistik setempat. KATEGORI: IMPOSTER CONTENT/ KONTEN TIRUAN === SUMBER: FACEBOOKhttps://www.facebook.com/profile.php?id=6156443564;1
akun;2583;[PENIPUAN] Inul Daratista Gelar Giveaway dengan Kuis Tebak Daerah Asalnya;Hasil periksa fakta Vendra Panji Akun bernama ‚ÄúInsul Daratista‚Äù ini merupakan akun tiruan dan dapat diindikasi sebagai modus untuk melakukan penipuan, akun Facebook Inul yang asli adalah ‚ÄúInul Daratis;1
akun;2073;[PENIPUAN] AKUN WHATSAPP SEKDA MAGETAN ‚Äú0896-0687-2400‚Äù;Akun tersebut bukan milik Sekda Magetan. Pihak Diskominfo Magetan telah melakukan klarifikasi perihal tersebut. KATEGORI: IMPOSTER CONTENT/ KONTEN TIRUAN === SUMBER: WHATSAPP === NARASI: (Narasi tidak;1
akun;2842;[SALAH] Giveaway Range Rover dari Atta Halilintar;Hasil periksa fakta Vendra Panji Tidak benar bahwa akun Facebook tersebut adalah milik Atta Halilintar, di akun Facebook asli milik Atta yang sudah terverifikasi centang biru tidak ditemukan informasi;1
akun;2087;[PENIPUAN] Raffi Ahmad Bagikan Uang Puluhan Juta Rupiah;Hasil periksa fakta Panji Akun tersebut merupakan akun Instagram tiruan Raffi Ahmad, video yang menampilkan Raffi mengadakan giveaway tersebut juga merupakan video lama pada tahun 2020 lalu. =========;1
akun;1068;[PENIPUAN] Akun Tiktok @hondajot572 Berisi Banyak Konten Giveaway; Periksa Fakta VaniaFaktanya, akun tersebut bukanlah akun resmi milik PT. Astra Honda Motor. Akun tersebut dapat diindikasi sebagai akun penipuan. =========== [KATEGORI]: Konten tiruan =========== [SU;1
akun;2989;[SALAH] AKUN FACEBOOK PJ GUBERNUR SULAWESI SELATAN, BAHTIAR BAHARUDDIN;Akun tersebut PALSU. Diskominfo Sulawesi Selatan menegaskan jika PJ Gubernur, Bahtiar Baharuddin tidak memiliki akun media sosial apapun, termasuk Facebook. KATEGORI: IMPOSTER CONTENT/ KONTEN TIRUAN =;1
akun;2866;[SALAH] Akun Tiktok Prabowo Akan Giveaway 1 Unit Motor Jika Tembus 200 Ribu Follower;Hasil periksa fakta Panji Tidak benar bahwa Prabowo Subianto motor jika akun Tiktoknya menyentuh angka 200 ribu pengikut, akun yang mengatasnamakan Prabowo tersebut dapat diindikasi sebagai akun penip;1
akun;1970;[PENIPUAN] AKUN PJ GUBERNUR SUMUT AGUS FATONI;Hasil periksa fakta Rahmah. Akun tiruan. Akun Facebook yang beredar bukan akun asli milik Agus Fatoni. KATEGORI: IMPOSTER CONTENT/ KONTEN TIRUAN ===SUMBER: FACEBOOK ===NARASI:A: AssalamualaikumB: Waal;1
akun;1466;[PENIPUAN] AKUN FACEBOOK PJ BUPATI JAWA TENGAH NANA SUDJANA;Akun yang beredar palsu. Pemerintah Kota Jawa Tengah telah menegaskan bahwa akun yang beredar adalah akun palsu. KATEGORI: IMPOSTER CONTENT/ KONTEN TIRUAN === SUMBER: FACEBOOKhttps://www.facebook.com/;1
akun;1599;[PENIPUAN] AKUN WHATSAPP BUPATI PEMALANG INGIN BERI DONASI;Akun tersebut palsu. Bupati Pemalang sebagai pihak yang namanya dicatut telah menyatakan jika akun dengan nomor ‚Äú0812-1441-4168‚Äù bukan miliknya. KATEGORI: IMPOSTER CONTENT/ KONTEN TIRUAN === SUMBER: W;1
akun;2880;[SALAH] Akun Facebook Tiruan Nagita Slavina;Hasil periksa fakta Vendra Panji Faktanya akun Facebook asli milik Nagita Slavina sendiri memiliki pengikut sebanyak 1,6 juta orang dan akun ini juga sudah mendapat verifikasi centang biru. ==========;1
akun;1988;[PENIPUAN] Cara Mencegah Pemblokiran Facebook;Hasil periksa fakta Raymondha Informasi soal peringatan pemblokiran akun Facebook adalah tidak benar. Tautan yang dibagikan bisa berpotensi phishing (pencurian data yang mengarah ke penipuan dengan me;1
akun;1735;[PENIPUAN] Inul Berbagi 35 Juta untuk Pengguna BRI, BNI, BCA, dan Mandiri;Hasil periksa fakta Vendra Panji Akun bernama ‚Äúlnul Berbagi‚Äù ini merupakan akun tiruan dan dapat diindikasi sebagai modus untuk melakukan penipuan, akun Facebook Inul yang asli adalah ‚ÄúInul Daratista‚Äù;1
akun;2903;[SALAH] AKUN FACEBOOK PJ BUPATI NTB ‚ÄúLalu Gita Aryadi‚Äù;Dinas Kominfotik NTB menegaskan jika akun yang beredar adalah akun PALSU. KATEGORI: IMPOSTER CONTENT/ KONTEN TIRUAN === SUMBER: FACEBOOK Arsiphttps://archive.fo/wip/vG54x === NARASI: (Tidak terdapat n;1
akun;2136;[PENIPUAN] Jusuf Hamka Bagikan Uang 52 Juta Dengan Tebak Nama Hari;Hasil periksa fakta Amanda Rahma Akun yang mengunggah video seperti pernyataan di atas bukanlah akun asli milik Jusuf Hamka. Jusuf Hamka hanya memiliki akun media sosial Instagram dan Tiktok. ====[KAT;1
indonesia;1027;[SALAH] Video ‚ÄúMessi Komentar Pedas ke Australia Bahwa Indonesia lah yang Akan Menang‚Äù;Hasil periksa fakta Moch. Marcellodiansyah Tidak ditemukan sumber valid yang memberitakan Messi mengomentari laga Indonesia vs Australia. Video yang menampilkan Messi diambil dari video YouTube yang b;1
indonesia;259;[SALAH] Donald Trump Mau Pindahkan Dua Juta Warga Gaza ke Indonesia;Akun Instagram ‚Äúawreceh.id‚Äù [arsip] pada Senin (20/1/2025) dan kanal YouTube ‚ÄúNEWinfo‚Äù [arsip] membagikan unggahan berisi narasi: ‚ÄúVIRAL! DONALD TRUMP INGIN PINDAHKAN 2 JUTA WARGA GAZA KE NEGARA INDON;1
indonesia;1166;[SALAH] Paus Fransiskus Datang ke Indonesia untuk Melegalkan Pernikahan Sesama Jenis;Hasil Periksa Fakta Luthfiyah Informasi tersebut yang tidak benar. Faktanya, kunjungan Paus Fransiskus ke Indonesia merupakan kunjungan apostolik. Dalam artikel yang identik dengan infografik Sindonew;1
indonesia;2586;[SALAH] Video Suporter Indonesia Menyanyikan Takbir di Pertandingan Indonesia Melawan Irak;Hasil periksa fakta Evarizma Zahra. Konten yang dimanipulasi. Pada video yang asli, suporter Indonesia di pertandingan Indonesia vs. Irak menyanyikan lagu sepak bola Indonesia, bukan takbir. ===== KAT;1
indonesia;2461;[SALAH] Berkat Bantuan FIFA, Indonesia Masuk ke Olimpiade Paris;Hasil periksa fakta Moch. Marcellodiansyah Tidak ditemukan sumber pemberitaan valid yang membenarkan klaim tersebut. Pada laman resminya, FIFA tidak menyebut bahwa Indonesia menjadi salah satu negara ;1
indonesia;1056;[SALAH] Artikel CNBC Indonesia: ‚ÄúRaja Salman Sebut: Negara Termunafik Nomor Satu Indonesia‚Äù;Hasil periksa fakta Moch. Marcellodiansyah Tangkapan layar berita tersebut telah dimanipulasi, tidak ditemukan sumber valid termasuk CNBC Indonesia yang memberitakan bahwa Raja Salman menyebut hal ter;1
indonesia;805;[SALAH] CNBC Indonesia Beritakan ‚ÄúPM China : Negara gila agama tidak akan maju sampai kapan pun, Contohnya seperti indonesia‚Äù;Akun TikTok ‚Äúziellmopw0k‚Äù pada Sabtu (28/9/2024) membagikanvideo[arsip] berisi tangkapan layar artikel dari CNBC Indonesia berjudul: ‚ÄúPM China : Negara gila agama tidak akan maju sampai kapan pun, Con;1
indonesia;2170;[SALAH] PSSI Putuskan Timnas Tidak Akan Ikut Piala AFF;Hasil periksa fakta Raymondha Narasi mengenai PSSI memutuskan Timnas Indonesia tidak akan mengikuti Piala AFF adalah tidak benar. Indonesia dijadwalkan mengikuti Piala AFF yang digelar pada 23 Novembe;1
indonesia;2726;[SALAH] Indonesia akan di Banned Di AFC Selanjutnya Karena Terindikasi Suap Wasit;Hasil periksa fakta Amanda Rahma Faktanya, video yang menyatakan bahwa Indonesia di Banned oleh AFC di pertandingan selanjutnya tidaklah benar. Video tersebut merupakan tayangan stasiun televisi Vietn;1
indonesia;680;[SALAH] Tingkat Korupsi Indonesia Paling Tinggi di Dunia;LamanMonitor Indonesia[arsip] pada Jumat (10/02/2024) mengunggah artikel yang menyebut tingkat korupsi Indonesia paling tinggi di dunia. Berikut narasi lengkapnya: Indonesia Kini Berubah Menjadi Negar;1
indonesia;2732;[SALAH] Tawaran Pinjaman Dari Bank Indonesia;Hasil periksa fakta Raymondha Elsha Tidak benar Bank Indonesia memberikan tawaran pinjaman kredit kepada tenaga kerja wanita (TKW), sebagai bank sentral Bank Indonesia tidak melakukan kegiatan yang be;1
indonesia;2733;[SALAH]: Pertandingan ulang Indonesia VS Uzbekistan;Hasil periksa fakta Raka.  [FAKTANYA]: Klaim pertandingan ulang antara Indonesia vs Uzbekistan tidak benar karena tidak ada informasi resmi dari AFC yang membatalkan kemenangan Uzbekistan atas Indones;1
indonesia;1843;[SALAH] 20 Persen Tanah Indonesia Berhasil Dimiliki Rohingya;Hasil periksa fakta Amanda Rahma Pernyataan tersebut telah dibantah oleh UNHCR Indonesia. Juru bicara UNHCR menyampaikan bahwa pengungsi Rohingya tidak diberikan pulau tersendiri di Indonesia. Selain ;1
indonesia;2740;[SALAH] Ronaldo dan Messi Bela Indonesia di Pertandingan Melawan Uzbekistan karena Dicurangi Wasit;Hasil periksa fakta Moch. Marcellodiansyah Faktanya tidak ditemukan sumber valid yang membenarkan bahwa Ronaldo dan Lionel Messi membela Indonesia dalam pertandingan melawan Uzbekistan. Video yang men;1
indonesia;55;[PENIPUAN] Tautan Lowongan Kerja McDonald‚Äôs Indonesia;Akun TikTok ‚Äúrekrutmen.program4‚Äù pada Sabtu (22/2/2025) membagikanfoto[arsip] disertai narasi: ‚ÄúLowongan Kerja McDonald‚Äôs Indonesia. Info pendaftaran klik link di bio INGAT PENDAFTARAN GRATIS‚Ä¶!!!‚Äù Hin;1
indonesia;1847;[SALAH] Timnas Kamboja Menang Lawan Indonesia Di Piala AFF U19;Hasil periksa fakta Amanda Rahma Pernyataan tersebut tidaklah benar. Dilihat dari akun resmi federasi sepak bola Indonesia dan Kamboja, pertandingan kedua negara tersebut dimenangkan oleh Indonesia de;1
indonesia;59;[SALAH] Maarten Paes Dicoret dari Timnas Indonesia;Akun Facebook ‚ÄúJustin Hubner Fans üá≤üá®ü¶Ö‚Äù pada Selasa (11/3/2025) membagikanfoto[arsip] disertai narasi: ‚ÄúBreaking news: KIPER TIMNAS INDONESIA Marteen PAES, RESMI dicoret dari SKUAD TIMNAS INDONESIA üòîüòîüòî;1
indonesia;207;[PENIPUAN] Tautan Rekrutmen Awak Kabin Haji Garuda Indonesia;Pada Minggu (19/1/2025) akun Facebook ‚ÄúLOWONGAN PEKERJAAN PENDAMPING HAJI DAN UMROH 2025‚Äù membagikan tautan [arsip] berisi informasi rekrutmen awak kabin haji Garuda Indonesia 2025. Unggahan disertai ;1
indonesia;2390;[PENIPUAN] PESAN SMS ATAS NAMA POS INDONESIA;Hasil Periksa Fakta Gabriela Nauli Menyadur dari unggahan resmi milik Facebook Indonesia, pesan melalui SMS yang berisi tautan atas nama Pos Indonesia, merupakan pesan dan tautan palsu. Selengkapnya a;1
indonesia;1879;[SALAH] Suporter Belanda Kibarkan Bendera Indonesia Saat Euro 2024; Hasil periksa fakta Yudho Ardi Informasi yang menyesatkan, faktanya gambar yang menampilkan suporter Belanda mirip dengan unggahan akun Instagram oranje_indonesia, pada 3 Juli 2024. Gambar tersebut d;1
anies;1168;[SALAH] Anies Maling Tongkat Diponegoro;Hasil periksa fakta Luthfiyah Postingan Facebook yang mengklaim Anies maling tongkat Diponegoro merupakan informasi yang tidak benar. Faktanya tongkat yang ada di belakang Anies Baswedan bukan merupak;1
anies;1298;[SALAH] LAUTAN WARGA JAKARTA HADIRI PEMBENTUKAN PARTAI ANIES;Hasil periksa fakta Pekik Jalu Utomo.Faktanya video tersebut hanya menayangkan ulang salah satu video dari channel youtube pribadi Rocky Gerung yang ditambahi dengan thumbnail dan narasi yang menyesat;1
anies;1557;[SALAH] Jokowi Ditampar Keras oleh Anies;Periksa Fakta Lilik Faktanya, tidak ada keterkaitan antara judul dengan isi video. Narator hanya membacakan ulang isi artikel yang diunggah olehkumparan.com. Selain itu, thumbnail merupakan hasil mani;1
anies;666;[SALAH] Anies Beri Dukungan ke Ridwan Kamil di Pilkada Jakarta;Pada Jumat (2/11/2024) akun TikTok ‚Äúbeka.mursadat‚Äù mengunggahvideo[arsip] yang menampilkan Anies Baswedan bersalaman dengan Ridwan Kamil. Unggahan disertai narasi: ‚ÄúPak anies mendukung Ridwan Kamil un;1
anies;1180;[SALAH] Formulir Pendaftaran Partai Perubahan Anies; Periksa Fakta Vania.Faktanya,¬† Anies belum membuat keputusan apakah akan membentuk partai politik atau organisasi masyarakat setelah kegagalannya maju di Pilkada 2024. Melalui media sosialnya, Anies ;1
anies;2342;[SALAH] Anies Baswedan Resmi Dinyatakan sebagai Cagub DKI;Hasil periksa fakta Agnes A Video berisi cuplikan yang tidak saling berkaitan. Narasi yang dibacakan hanya pendapat dari Muhaimin Iskandar, apabila Anies Baswedan hendak maju ke Pilgub DKI 2024. =====;1
anies;2859;[SALAH] LAMARAN GIBRAN DITOLAK, ANIES DAN GANJAR KONSISTEN OPOSISI PRABOWO;Hasil periksa fakta Pekik Jalu Utomo.Tidak ditemukan pemberitaan terkait lamaran Gibran untuk menggandeng Anies dan Ganjar ditolak dan memilih untuk oposisi Prabowo. Selain thumbnail merupakan hasil m;1
anies;2992;[SALAH] ANIES BASWEDAN KETAHUAN TIDAK PUASA;Informasi tersebut hoaks. Foto yang ditampilkan merupakan momen saat Anies tengah makan siang, tepatnya pada 5 April 2018, dan BUKAN saat bulan puasa. KATEGORI: MISLEADING CONTENT/ KONTEN YANG MENYESA;1
anies;819;[SALAH] Anies Baswedan Merapat ke Rumah Prabowo;Akun TikTok ‚ÄúPJS_Mangunsong‚Äù pada Selasa (15/10/2024) membagikan potonganvideo[arsip] yang menyebut Anies merapat ke rumah Prabowo. Warganet lainnya, yakni akun ‚Äúsrikandi0957‚Äù padaunggahannya[arsip], ;1
anies;2300;[SALAH] Anies Adakan Kebaktian di Rumahnya;Hasil Periksa Fakta Luthfiyah Klaim video Anies mengadakan kebaktian di rumahnya merupakan hal yang tidak benar. Faktanya, video tersebut merupakan Anies saat didoakan umat Kristiani di sela-sela acar;1
anies;2100;[SALAH] Anies Diseret ke KPK oleh Jokowi karena Tolak Kaesang;Hasil periksa fakta Vendra Panji Faktanya isi video tersebut hanya membahas tentang prediksi dari Jamiluddin Ritonga mengenai Anies Baswedan yang pasti akan menolak jika diduetkan dengan putra Preside;1
anies;697;[SALAH] Anies Baswedan Resmi Bikin Partai Perubahan Indonesia; Akun X ‚ÄúPngAdilnR4kyt‚Äù mengunggahvideo[arsip]berdurasi 2 menit 20 detik pada Selasa (01/11/2024)¬† disertai cuitan: ANIES BASWEDAN RESMI BIKIN PARTAI PERUBAHAN INDONESIA (PPI)‚Ä¶..‚ÄºÔ∏è #Rame2TangkapJokowi;1
anies;1465;[SALAH] ANIES BASWEDAN BERASAL DARI YAMAN;Faktanya, tidak ditemukan adanya informasi resmi perihal Anies Baswedan berasal dari Yaman. KATEGORI: MISLEADING CONTENT/ KONTEN YANG MENYESATKAN === SUMBER: FACEBOOKhttps://www.facebook.com/groups/88;1
anies;2234;[SALAH] Anies Anut 5 Agama;Hasil Periksa Fakta Luthfiyah Setelah melakukan penelusuran terhadap 6 gambar di video hasilnya tidak ditemukan informasi bahwa Anies menganut 5 agama. Faktanya, enam gambar tersebut tidak berhubungan;1
anies;2624;[SALAH] Gambar Anies Baswedan Dilantik Menjadi Jenderal;Hasil periksa fakta Amanda Rahma Unggahan tersebut tidaklah benar. Anies Baswedan tidak memiliki riwayat hidup di militer. Selain itu, jenderal di Indonesia yang paling tertinggi adalah bintang 5 dan ;1
anies;205;[SALAH] Potret ‚ÄúAnies Diseret KPK karena Skandal Korupsi Rp23 Triliun‚Äù;Akun Facebook ‚ÄúMba.toe‚Äù pada Sabtu (8/2/2025) mengunggahfoto[arsip] yang memperlihatkan Anies Baswedan memakai rompi oranye. Unggahan disertai narasi: ‚ÄúANIES DI SERET KPK!? SKANDAL KORUP 23 TRILIYUNNY;1
anies;2254;[SALAH] PDIP Sudah Resmi Capai Kesepakatan Usung Anies di Pilgub DKI;Hasil periksa fakta Vendra Panji Faktanya isi video hanya berisi tentang jawaban dari Kepala Badan Pendidikan dan Pelatihan DPD PDIP DKI Jakarta, Gilbert Simanjuntak, bahwa partainya tak menutup kemun;1
anies;2000;[SALAH] Video Anies Akan Jadi Gamer Setelah Kekalahannya Dalam Pilpres; Periksa Fakta Vania.Faktanya, audio dalam video tersebut dibuat dengan teknologi AI, sedangkan klip asli video tersebut merupakan video saat Anies melakukan sambutan HUT NasDem pada 11 November 2022.;1
anies;726;[SALAH] Salam 3 Jari dari Anies Bentuk Dukungan ke Pramono‚ÄîRano;Akun Instagram ‚Äú@lintang_son9o‚Äù pada Sabtu (05/10/2024) mengunggahvideo[arsip] yang memperlihatkan Anies mengacungkan jari. Unggahan disertai takarir: Anies Baswedan mendukung calon gubernur dan wakil;1
anies;103;[SALAH] Video ‚ÄúAnies Diusir karena Pakai Masjid Jadi Tempat Berpolitik‚Äù;Akun Facebook ‚ÄúSalimun Abbas‚Äù pada Sabtu (8/2/2025) mengunggahvideo[arsip] beserta narasi: ‚ÄúDetik detik ANIES & HABIB diusir warga karena menggunakan Masjid sebagai Tempat Berpolitik‚Äù Unggahan tersebu;1
covid;1795;[SALAH] Semua Vaksin Covid-19 Mengandung Teknologi Nano yang Memancarkan Bluetooth;Hasil periksa fakta Moch. Marcellodiansyah Tidak ditemukan bukti valid yang membenarkan bahwa vaksin Covid-19 memiliki hubungan dengan bluetooth. Klaim ini merupakan hoaks lama yang berulang kali bere;1
covid;902;[SALAH] Makin Banyak Kasus Gondongan dan Cacar Usai Vaksinasi Covid-19;Hasil periksa fakta Raymondha Epidemiolog dari Griffith University, Dicky Budiman, mengatakan Vaksinasi Covid-19 tidak menyebabkan peningkatan kasus cacar (cacar air maupun cacar monyet) serta gondong;1
covid;2700;[SALAH] Vaksin HPV dan Vaksin Covid-19 Sebabkan Kemandulan;Hasil periksa fakta Moch. Marcellodiansyah Tidak ditemukan bukti valid yang membenarkan klaim tersebut. Pada Oktober 2023 Juru bicara Kementerian Kesehatan telah membantah bahwa vaksin HPV sebabkan ke;1
covid;2324;[SALAH]: Vaksin COVID-19 picu Kanker Turbo;Hasil periksa fakta Raka.  [FAKTANYA]: Klaim bahwa vaksin Covid-19 bisa menyebabkan ‚Äúkanker turbo‚Äù adalah menyesatkan. Tidak ada bukti valid yang mendukung tuduhan yang disebarkan oleh kelompok anti v;1
covid;1561;[SALAH] Vaksin Covid-19 Menggunakan Bahan Kimia Penyebab Kanker;Hasil periksa fakta Raymondha Elsha Klaim pengakuan ahli farmasi telah menempatkan bahan kimia penyebab kanker divaksin Covid-19 adalah tidak benar. Klaim tersebut telah dibantah oleh peneliti dan jug;1
covid;2464;[SALAH] Pemasangan Microchip Melalui Vaksinasi di Indonesia;Hasil periksa fakta Raymondha Elsha Klaim yang mengatakan Indonesia mulai memasang microchip melalui vaksin adalah tidak benar. Faktanya vaksin Covid-19 yang digunakan di Indonesia tidak mengandung ch;1
covid;35;[SALAH] Flurona Itu Virus Buatan Tiga Perusahaan Vaksin di China;Akun Instagram ‚Äúaguseven‚Äù pada Jumat (14/03/2025) mengunggahvideo[arsip] disertai klaim: ‚Äú3 Perusahaan Vaksin China Membuat Virus Gabungan, Akan disebar ke seluruh dunia. HMPV VS COVID-19 = FLURONA‚Äù P;1
covid;1448;[SALAH] Vaksin Covid-19 Sinovac Sebabkan Mpox;Hasil periksa fakta Raymondha Elsha Klaim yang menyebut bahwa Vaksin Covid-19 merek Sinovac sebagai penyebab Mpox atau yang¬† disebut cacar monyet adalah tidak benar. Mpox disebabkan oleh virus yang te;1
covid;1449;[SALAH] Vaksin COVID-19 Mengandung Logam Berat;Hasil periksa fakta Raymondha Elsha Klaim yang mengatakan bahwa vaksin COVID-19 mengandung logam berat dan berbahaya untuk tubuh manusia adalah tidak benar. =========== [KATEGORI]: Konten Menyesatkan ;1
covid;1070;[SALAH] Vaksin mRNA sebabkan MPOX; Periksa Fakta Vania.Faktanya, pemberian vaksin dan penyakit Mpox tidak ada kaitannya. Penyakit Mpox sendiri sudah ada dari tahun 1970, jauh sebelum COVID-19 muncul. Mpox merupakan virus yang ditulark;1
covid;1204;[SALAH] 74 Persen Orang Meninggal Akibat Vaksin Covid-19;Hasil periksa fakta Raymondha Elsha Klaim mengenai 74 persen orang yang meninggal mendadak akibat vaksin Covid-19 adalah tidak benar. Berdasarkan penelitian yang dilakukan otoritas kesehatan dunia dan;1
covid;1207;[SALAH] Moderna Mengakui Vaksin Covid-19 Menyebabkan Kanker;Hasil periksa fakta Raymondha Elsha Klaim yang menyebut bahwa perusahaan farmasi Moderna mengakui bahwa vaksin Covid-19 buatan mereka menyebabkan kanker adalah salah. Kekhawatiran potensial soal mutag;1
covid;1849;[SALAH] 1 Miliar Orang Meninggal karena Malpraktek di RS Selama Plandemi Covid-19 Berkaitan dengan Depopulasi;Hasil periksa fakta Moch. Marcellodiansyah Faktanya berdasarkan laporan WHO hingga 7 Juli 2024 terdapat 7.053.524 yang meninggal selama pandemi Covid-19. Plandemi sendiri merupakan plesetan dari kata ;1
covid;1212;[SALAH]: Ahli Farmasi menempatkan bahan penyebab kanker dalam vaksin Covid-19;Hasil periksa fakta Raka.  [FAKTANYA]: Klaim bahwa ahli farmasi telah menempatkan bahan kimia penyebab kanker dalam vaksin Covid-19 terbukti menyesatkan. Klaim-klaim ini telah dibantah oleh peneliti d;1
covid;2237;[SALAH] Merokok Bisa Menyembuhkan Covid-19;Faktnya, WHO menyebutkan bahwa perokok yang terinfeksi Virus Corona menghadapi potensi kematian yang lebih tinggi karena Covid-19 menyerang pernapasan dan merokok menyebabkan kerusakan pada paru-paru.;1
covid;1730;[SALAH]: Vaksin covid mengakibatkan HIV;Hasil periksa fakta Raka.  [FAKTANYA]: Klaim mengenai vaksin covid mengakibatkan HIV tidak benar,  HIV dapat menular melalui hubungan seks anal atau vagina, atau berbagi jarum suntik, atau peralatan s;1
covid;2630;[SALAH] Covid-19 Sudah Direncanakan oleh Rockefeller Foundation dan Orang yang Divaksin akan Dikontrol AI;Hasil periksa fakta Moch. Marcellodiansyah Klaim tersebut hanya konspirasi yang telah lama beredar sejak Juli 2020 yang tidak memiliki bukti yang mendasar. Selengkapnya pada bagian penjelasan. = = = K;1
covid;2522;[SALAH]: Covid-19 merupakan konspirasi Rockefeller Foundation;Hasil periksa fakta Raka.  [FAKTANYA]: Klaim yang menyatakan bahwa COVID-19 adalah hasil dari konspirasi yang direncanakan sebelumnya adalah tidak tepat. Tidak ada bukti yang mendukung klaim tersebut,;1
covid;609;[SALAH] WHO Akui Mpox sebagai Efek Samping Vaksin Covid-19;Akun Facebook ‚ÄúFernando Tambunan‚Äù pada Selasa (22/10/2024) mengunggahfoto[arsip] berupa tangkapan layar berisi informasi tentang World Health Organization (WHO) yang mengakui Mpox atau cacar monyet se;1
covid;230;[SALAH] Wakil Direktur CDC Akui Vaksin Covid Bikin Tubuh Lemah dan Mudah Sakit;Akun Instagram ‚Äúmocha_madnurrochim‚Äù pada Minggu (02/02/2025) mengunggahvideo[arsip]. Isinya berupa klaim yang menyebut wakil direktur Centers for Disease Control and Prevention (CDC) mengakui vaksin C;1
19;1795;[SALAH] Semua Vaksin Covid-19 Mengandung Teknologi Nano yang Memancarkan Bluetooth;Hasil periksa fakta Moch. Marcellodiansyah Tidak ditemukan bukti valid yang membenarkan bahwa vaksin Covid-19 memiliki hubungan dengan bluetooth. Klaim ini merupakan hoaks lama yang berulang kali bere;1
19;902;[SALAH] Makin Banyak Kasus Gondongan dan Cacar Usai Vaksinasi Covid-19;Hasil periksa fakta Raymondha Epidemiolog dari Griffith University, Dicky Budiman, mengatakan Vaksinasi Covid-19 tidak menyebabkan peningkatan kasus cacar (cacar air maupun cacar monyet) serta gondong;1
19;2700;[SALAH] Vaksin HPV dan Vaksin Covid-19 Sebabkan Kemandulan;Hasil periksa fakta Moch. Marcellodiansyah Tidak ditemukan bukti valid yang membenarkan klaim tersebut. Pada Oktober 2023 Juru bicara Kementerian Kesehatan telah membantah bahwa vaksin HPV sebabkan ke;1
19;2324;[SALAH]: Vaksin COVID-19 picu Kanker Turbo;Hasil periksa fakta Raka.  [FAKTANYA]: Klaim bahwa vaksin Covid-19 bisa menyebabkan ‚Äúkanker turbo‚Äù adalah menyesatkan. Tidak ada bukti valid yang mendukung tuduhan yang disebarkan oleh kelompok anti v;1
19;35;[SALAH] Flurona Itu Virus Buatan Tiga Perusahaan Vaksin di China;Akun Instagram ‚Äúaguseven‚Äù pada Jumat (14/03/2025) mengunggahvideo[arsip] disertai klaim: ‚Äú3 Perusahaan Vaksin China Membuat Virus Gabungan, Akan disebar ke seluruh dunia. HMPV VS COVID-19 = FLURONA‚Äù P;1
19;1448;[SALAH] Vaksin Covid-19 Sinovac Sebabkan Mpox;Hasil periksa fakta Raymondha Elsha Klaim yang menyebut bahwa Vaksin Covid-19 merek Sinovac sebagai penyebab Mpox atau yang¬† disebut cacar monyet adalah tidak benar. Mpox disebabkan oleh virus yang te;1
19;1449;[SALAH] Vaksin COVID-19 Mengandung Logam Berat;Hasil periksa fakta Raymondha Elsha Klaim yang mengatakan bahwa vaksin COVID-19 mengandung logam berat dan berbahaya untuk tubuh manusia adalah tidak benar. =========== [KATEGORI]: Konten Menyesatkan ;1
19;1070;[SALAH] Vaksin mRNA sebabkan MPOX; Periksa Fakta Vania.Faktanya, pemberian vaksin dan penyakit Mpox tidak ada kaitannya. Penyakit Mpox sendiri sudah ada dari tahun 1970, jauh sebelum COVID-19 muncul. Mpox merupakan virus yang ditulark;1
19;1204;[SALAH] 74 Persen Orang Meninggal Akibat Vaksin Covid-19;Hasil periksa fakta Raymondha Elsha Klaim mengenai 74 persen orang yang meninggal mendadak akibat vaksin Covid-19 adalah tidak benar. Berdasarkan penelitian yang dilakukan otoritas kesehatan dunia dan;1
19;1207;[SALAH] Moderna Mengakui Vaksin Covid-19 Menyebabkan Kanker;Hasil periksa fakta Raymondha Elsha Klaim yang menyebut bahwa perusahaan farmasi Moderna mengakui bahwa vaksin Covid-19 buatan mereka menyebabkan kanker adalah salah. Kekhawatiran potensial soal mutag;1
19;1849;[SALAH] 1 Miliar Orang Meninggal karena Malpraktek di RS Selama Plandemi Covid-19 Berkaitan dengan Depopulasi;Hasil periksa fakta Moch. Marcellodiansyah Faktanya berdasarkan laporan WHO hingga 7 Juli 2024 terdapat 7.053.524 yang meninggal selama pandemi Covid-19. Plandemi sendiri merupakan plesetan dari kata ;1
19;1212;[SALAH]: Ahli Farmasi menempatkan bahan penyebab kanker dalam vaksin Covid-19;Hasil periksa fakta Raka.  [FAKTANYA]: Klaim bahwa ahli farmasi telah menempatkan bahan kimia penyebab kanker dalam vaksin Covid-19 terbukti menyesatkan. Klaim-klaim ini telah dibantah oleh peneliti d;1
19;2237;[SALAH] Merokok Bisa Menyembuhkan Covid-19;Faktnya, WHO menyebutkan bahwa perokok yang terinfeksi Virus Corona menghadapi potensi kematian yang lebih tinggi karena Covid-19 menyerang pernapasan dan merokok menyebabkan kerusakan pada paru-paru.;1
19;2630;[SALAH] Covid-19 Sudah Direncanakan oleh Rockefeller Foundation dan Orang yang Divaksin akan Dikontrol AI;Hasil periksa fakta Moch. Marcellodiansyah Klaim tersebut hanya konspirasi yang telah lama beredar sejak Juli 2020 yang tidak memiliki bukti yang mendasar. Selengkapnya pada bagian penjelasan. = = = K;1
19;2894;[SALAH] Gempa Guncang Mamasa, Sulawesi Barat Hingga Terbelah; Periksa Fakta Vania.Faktanya, gempa Mamasa, Sulawesi Barat terjadi pada tanggal 19 April 2024, bukan pada 21 April 2024. Diketahui juga bahwa belum adanya informasi mengenai kerusakan atau korban jiw;0
19;2522;[SALAH]: Covid-19 merupakan konspirasi Rockefeller Foundation;Hasil periksa fakta Raka.  [FAKTANYA]: Klaim yang menyatakan bahwa COVID-19 adalah hasil dari konspirasi yang direncanakan sebelumnya adalah tidak tepat. Tidak ada bukti yang mendukung klaim tersebut,;1
19;609;[SALAH] WHO Akui Mpox sebagai Efek Samping Vaksin Covid-19;Akun Facebook ‚ÄúFernando Tambunan‚Äù pada Selasa (22/10/2024) mengunggahfoto[arsip] berupa tangkapan layar berisi informasi tentang World Health Organization (WHO) yang mengakui Mpox atau cacar monyet se;1
19;230;[SALAH] Wakil Direktur CDC Akui Vaksin Covid Bikin Tubuh Lemah dan Mudah Sakit;Akun Instagram ‚Äúmocha_madnurrochim‚Äù pada Minggu (02/02/2025) mengunggahvideo[arsip]. Isinya berupa klaim yang menyebut wakil direktur Centers for Disease Control and Prevention (CDC) mengakui vaksin C;1
19;1904;[SALAH]: Covid-19 adalah Kebohongan para Ilmuan;Hasil periksa fakta Raka.  [FAKTANYA]: Transkrip  Kongres Amerika Serikat dengan Wakil Direktur Utama Institut Kesehatan Nasional (NIH) dan pemberitaan terpercaya lainnya menunjukkan bahwa pertemuan t;1
19;504;[SALAH] Donald Trump dan Eks Presiden Brasil Sebut Pandemi Dirancang untuk Bunuh Manusia;Akun Instagram ‚Äúblackpink2012_‚Äù pada Rabu (6/11/2024) membagikanvideo[arsip] disertai narasi: ‚ÄúPuluhan Ribu Ilmuwan, Dokter, Pengacara, dan Pakar Lainnya (termasuk para Jenderal Militer bahkan Pres. B;1
